name,country_code,type,notes,source
Ras Al Khaimah,AE,port,Base of Qawasim naval power in the 19th century,"Lorimer, Gazetteer of the Persian Gulf"
Sharjah,AE,port,Major settlement on the Trucial Coast,"Lorimer, Gazetteer of the Persian Gulf"
Kalba,AE,town,Known for its strategic position near Oman,"British archival map, 1905"
Umm Al Quwain,AE,town,Historically under Al Ali rule,"Lorimer, Gazetteer of the Persian Gulf"
Fujairah,AE,town,Political independence recognized in early 20th century,UAE National Archives
Dibba,AE,coastal town,"Split among three rulers, major trade point","Arabian Gulf Studies, vol. 2"
